Model,MAE,MAPE,Accuracy,Test_Samples
VAT (Prophet),549461191.6444329,0.13045446915029407,86.9545530849706,36
Income Tax (XGBoost),226026432.0,0.08392789214849472,91.60721078515053,24
Customs Duties (Prophet),304872952.62507004,0.12689298250669626,87.31070174933038,36
Excise Tax (Prophet),174168883.4658179,0.14708394987079398,85.2916050129206,36
